{"cameraMode":{"drawMode":0,"name":"Shaded","section":"Shading Mode"},"sceneLighting":false,"audioPlay":false,"sceneViewState":{"showFog":true,"showMaterialUpdate":true,"showSkybox":false,"showFlares":true,"showImageEffects":true,"showParticleSystems":true},"in2DMode":false,"pivot":{"x":-522.4490966796875,"y":1642.804443359375,"z":532.9884033203125},"rotation":{"x":-0.06776852905750275,"y":0.6571484804153442,"z":-0.05950845032930374,"w":-0.7483539581298828},"size":302.3244934082031,"orthographic":false}