{"cameraMode":{"drawMode":0,"name":"Shaded","section":"Shading Mode"},"sceneLighting":true,"audioPlay":false,"sceneViewState":{"showFog":true,"showMaterialUpdate":true,"showSkybox":true,"showFlares":true,"showImageEffects":true,"showParticleSystems":true},"in2DMode":false,"pivot":{"x":1079.5382080078125,"y":-1042.32666015625,"z":329.38714599609377},"rotation":{"x":-0.31316396594047549,"y":-0.5453310608863831,"z":0.22992824018001557,"w":-0.7427857518196106},"size":2792.874267578125,"orthographic":false}