{"cameraMode":{"drawMode":0,"name":"Shaded","section":"Shading Mode"},"sceneLighting":false,"audioPlay":false,"sceneViewState":{"showFog":true,"showMaterialUpdate":true,"showSkybox":false,"showFlares":true,"showImageEffects":true,"showParticleSystems":true},"in2DMode":false,"pivot":{"x":4.207639694213867,"y":-2.415085792541504,"z":8.614419937133789},"rotation":{"x":0.3689709007740021,"y":0.11527421325445175,"z":-0.04617571085691452,"w":0.921108603477478},"size":21.378643035888673,"orthographic":false}