{"cameraMode":{"drawMode":0,"name":"Shaded","section":"Shading Mode"},"sceneLighting":false,"audioPlay":false,"sceneViewState":{"showFog":true,"showMaterialUpdate":true,"showSkybox":false,"showFlares":true,"showImageEffects":true,"showParticleSystems":true},"in2DMode":false,"pivot":{"x":-4.800110340118408,"y":-0.506661057472229,"z":1.0888397693634034},"rotation":{"x":-0.05659094452857971,"y":0.7482564449310303,"z":-0.06436522305011749,"w":-0.6578600406646729},"size":7.877346038818359,"orthographic":false}