{"cameraMode":{"drawMode":0,"name":"Shaded","section":"Shading Mode"},"sceneLighting":false,"audioPlay":false,"sceneViewState":{"showFog":true,"showMaterialUpdate":true,"showSkybox":false,"showFlares":true,"showImageEffects":true,"showParticleSystems":true},"in2DMode":false,"pivot":{"x":0.0105133056640625,"y":0.0450439453125,"z":-0.1026611328125},"rotation":{"x":0.08159978687763214,"y":0.7722565531730652,"z":-0.10137129575014115,"w":0.621873140335083},"size":233.3452606201172,"orthographic":true}