{"cameraMode":{"drawMode":0,"name":"Shaded","section":"Shading Mode"},"sceneLighting":false,"audioPlay":false,"sceneViewState":{"showFog":true,"showMaterialUpdate":true,"showSkybox":false,"showFlares":true,"showImageEffects":true,"showParticleSystems":true},"in2DMode":false,"pivot":{"x":2992.15966796875,"y":504.9181823730469,"z":10.0},"rotation":{"x":0.07664981484413147,"y":-0.17936617136001588,"z":0.014018911868333817,"w":0.9806939959526062},"size":6.0995073318481449,"orthographic":true}